{"train_loss": 1.333306908607483, "global_step": 0, "_timestamp": 1594226407.343477, "epoch": 0, "_runtime": 205.26822996139526, "_step": 0}
