{"_timestamp": 1593726888.707746, "global_step": 1, "_step": 3, "_runtime": 3170.5043489933014, "epoch": 0, "train_loss": 5.546361923217773}
